headline,description,image_file
"Orange Plastic Fan Heater, Mid-20th Century","This fan heater, constructed from molded orange and black plastic, exemplifies mid-20th-century domestic appliance design. Its compact form and functional aesthetic, featuring a prominent grille and control dial, highlight a period of increasing electrification and accessibility of heating solutions for the home. The AEG branding indicates its origin within a significant European manufacturer of electrical goods. Such devices played a crucial role in improving comfort and extending the usability of living spaces during cooler months, reflecting evolving standards of domestic life",1-2004-1163-000-000.jpg
"Orange Plastic Fan Heater, Mid-20th Century","This object is a portable electric fan heater, constructed from molded orange and black plastic. Its design features a prominent front grille for air dispersion and vents on the top surface. Manufactured by AEG, this appliance represents a common household item from the mid-20th century, a period of increasing domestic electrification and the widespread adoption of consumer electronics. Such heaters provided localized warmth and convenience, reflecting evolving standards of comfort and domestic technology in post-war households",1-2004-1163-000-001.JPG
"Orange Plastic Heater, Mid-20th Century Design","This object is a portable electric heater, constructed from molded orange plastic with black control knobs and a power cord. Its sleek, minimalist design, characterized by clean lines and a vibrant color, is indicative of mid-20th century industrial design trends. Such appliances were developed to provide convenient personal heating in homes and offices, reflecting a growing emphasis on domestic comfort and technological advancement during the post-war era. Its functional aesthetic made it a common sight in many households",1-2004-1163-000-002.JPG
"Orange Plastic Fan Heater, Mid-20th Century","This object is a portable electric fan heater, constructed from molded orange and black plastic. It features a prominent grille at the front for air expulsion and vents on the top for heat dissipation. Two rotary dials are visible on the upper surface, likely for temperature and fan speed control. Manufactured by AEG, this appliance exemplifies mid-20th-century domestic technology, designed to provide convenient and localized heating in residential spaces. Its functional design and vibrant color reflect the era's embrace of modern materials and aesthetics in everyday household items",1-2004-1163-000-003.JPG
"Orange Plastic Electric Heater, Mid-20th Century","This object is a portable electric heater, constructed from molded orange plastic with black control knobs. Its design, characterized by a streamlined form and functional vents, is typical of mid-20th century domestic appliances. Originating from the post-war era, this heater represents the increasing availability and affordability of electric home heating solutions. Its vibrant color and accessible technology reflect a period of technological optimism and a focus on bringing modern conveniences into everyday life",1-2004-1163-000-004.JPG
"Orange Plastic Fan Heater, Mid-20th Century Design","This portable electric fan heater, likely dating from the mid-20th century, is constructed from brightly colored orange and black plastic. Its design features a prominent grille at the front for heat emission and ventilation slots on the top, suggesting a forced-air heating mechanism. Two rotary dials control its functions. As a common household appliance, it represents the widespread adoption of electric heating technology and the functional, often vibrant, aesthetic of consumer goods from this era",1-2004-1163-000-005.JPG
"Orange Plastic Electric Heater, Mid-20th Century","This object is a portable electric heater, constructed primarily from molded orange plastic with a black plastic top grille. Its design, characterized by clean lines and a vibrant color, is typical of mid-20th century domestic appliances. Manufactured by AEG-TELEFUNKEN, this heater represents a period of increasing consumerism and the adoption of new materials in household goods. Its function was to provide localized heating, reflecting advancements in domestic technology and the desire for comfort in homes of the era",1-2004-1163-000-006.JPG
"Chrome and Plastic Toaster, Mid-20th Century Domestic Appliance","This two-slice toaster, constructed from polished chrome-plated metal and brown plastic, features a distinctive decorative band of orange and white geometric motifs. Originating from the mid-20th century, it exemplifies the era's embrace of modern materials and functional design in household goods. Such appliances revolutionized domestic life by automating routine tasks, making them symbols of convenience and technological progress within the home. This object reflects the evolving landscape of consumerism and the increasing integration of electricity into everyday living",1-2004-1164-000-000.jpg
"Chrome and Bakelite Toaster, Mid-20th Century Domestic Appliance","This electric toaster, crafted from polished chrome and dark brown Bakelite, exemplifies mid-20th century domestic design. Its sleek, rectangular form features two slots for bread and a decorative band of repeating red and white geometric motifs. Such appliances became commonplace in households during this era, symbolizing the increasing mechanization of daily life and the rise of convenience in the home. This object represents a significant shift in food preparation, moving from traditional methods to modern, electrically powered solutions",1-2004-1164-000-001.jpg
Mid-Century Chrome and Bakelite Toaster,"This electric toaster, crafted from polished chrome and dark brown Bakelite, exemplifies 1970s domestic appliance design. Its sleek, rectangular form is accentuated by a decorative band featuring a repeating geometric motif in orange and white. Manufactured by AEG-TELEFUNKEN, this appliance represents the era's embrace of modern materials and functional aesthetics in everyday household items, contributing to the evolving landscape of kitchen technology and home living. Its design reflects a balance of practicality and visual appeal characteristic of its time",1-2004-1164-000-002.JPG
"Chrome and Bakelite Toaster, Mid-20th Century","This electric toaster, constructed from polished chrome and dark brown Bakelite, features a distinctive decorative band of orange geometric motifs. Designed for domestic use, it represents a common household appliance from the mid-20th century, a period when such devices became increasingly prevalent in kitchens. Its form and material reflect the era's embrace of modern design and mass-produced consumer goods, symbolizing advancements in domestic technology and convenience for everyday life",1-2004-1164-000-003.JPG
"Chrome and Bakelite Toaster, Mid-20th Century","This electric toaster, crafted from polished chrome and dark bakelite, features a distinctive decorative band of orange geometric motifs. Produced in the mid-20th century, it represents a common household appliance that transformed domestic life. Its design reflects the era's embrace of modern materials and streamlined aesthetics. Such toasters, powered by electricity, offered convenience and speed in food preparation, becoming a staple in kitchens and symbolizing the increasing mechanization of daily routines",1-2004-1164-000-004.JPG
"Chrome and Bakelite Toaster, Mid-20th Century Design","This chrome-plated metal and Bakelite toaster, dating from the mid-20th century, exemplifies the streamlined aesthetic of its era. Its polished surfaces and geometric orange accents reflect the optimism and technological advancements of post-war domestic life. Designed for everyday use, this appliance represents the increasing mechanization and modernization of the kitchen, making breakfast preparation more efficient and stylish for the average household. It is a tangible artifact of changing consumer habits and the rise of affordable, mass-produced household goods",1-2004-1164-000-005.JPG
"Bakelite and Chrome Toaster, Mid-20th Century","This electric toaster, constructed from dark brown bakelite and polished chrome accents, exemplifies mid-20th-century domestic appliance design. Manufactured by AEG-TELEFUNKEN, it features a functionalist aesthetic with clean lines and a practical form. Such devices represent the increasing mechanization and modernization of household tasks during the post-war era, reflecting a growing middle class and a desire for convenience and efficiency in everyday life. Its design prioritizes utility and durability, characteristic of industrial production of the period",1-2004-1164-000-006.JPG
Mid-Century Plastic and Chrome Toaster,"This electric toaster, crafted from molded plastic and chrome-plated metal, exemplifies mid-20th century domestic appliance design. Its sleek, functional form, featuring slots for bread and an orange lever for operation, reflects the era's embrace of modern materials and mass production. Originating from the mid-1960s to early 1970s, this object signifies the increasing electrification of households and the growing importance of convenient kitchen technologies in everyday life, transforming breakfast rituals",1-2004-1164-000-007.JPG
"Mid-Century Electric Toaster, Chrome and Bakelite","This electric toaster, crafted from chrome-plated metal and black Bakelite, exemplifies mid-20th-century domestic appliance design. Its streamlined form and functional components, including the iconic orange lever, reflect the era's embrace of modern technology in the home. Such toasters were essential kitchen tools, symbolizing convenience and a rising standard of living. This object offers insight into the evolution of household technology and the changing domestic landscape during the post-war period",1-2004-1164-000-008.JPG
Mid-Century Modern Electric Toaster,"This automatic toaster, crafted from brushed aluminum and dark brown plastic, exemplifies mid-20th century domestic appliance design. Its sleek, horizontal ribbed casing and compact form reflect the era's embrace of functionalism and modern aesthetics. Developed in the mid-1950s, this appliance revolutionized breakfast preparation by offering consistent, automated toasting. It represents a significant advancement in household technology, making a common kitchen task more efficient and accessible for the average consumer",1-2004-1165-000-000.jpg
Mid-Century Automatic Toaster: Chrome and Bakelite,"This automatic toaster, crafted from polished chrome and dark brown bakelite, exemplifies mid-20th century domestic appliance design. Its ribbed exterior and simple lever control are characteristic of the era's functionalist aesthetic. Manufactured by AEG, this appliance represents the increasing mechanization of household tasks and the introduction of convenient, automated kitchen gadgets that transformed daily life. Its presence signifies a shift towards modern living and the widespread adoption of electrical appliances in the post-war period",1-2004-1165-000-001.jpg
Mid-20th Century Plastic Hair Dryer by AEG,"This object is a mid-20th century electric hair dryer, manufactured by AEG. Constructed primarily from red and green plastic with a black cord, its design reflects the emerging consumer electronics of the era. The appliance features a molded handle and a cylindrical body with a heating element and fan, intended for personal grooming. Its presence signifies the growing accessibility of home appliances that aimed to simplify daily routines and improve personal care, reflecting post-war technological advancements and a rising middle-class consumer market",1-2004-1166-000-000.jpg
"Plastic Electric Hair Dryer, Late 20th Century","This object is a plastic electric hair dryer, a common household appliance from the late 20th century. Its vibrant red body, green nozzle, and blue accents are characteristic of consumer goods from this era, reflecting a shift towards more playful and accessible design. Manufactured by AEG, it features multiple heat and speed settings, indicated by blue dials. This hair dryer represents the increasing availability and integration of electrical appliances into daily life, transforming personal grooming routines and contributing to the democratization of personal care technology",1-2004-1166-000-001.JPG
"Plastic Hair Dryer, Mid-20th Century Innovation","This object is a handheld electric hair dryer, constructed from molded plastic in vibrant red, blue, and green. Its ergonomic design, featuring a pistol grip and a nozzle for directing airflow, exemplifies mid-20th-century domestic appliance aesthetics. The appliance, likely dating from the latter half of the 20th century, represents the widespread adoption of electrical technology in everyday life. Such devices revolutionized personal grooming, offering convenience and efficiency for home use, and reflect the era's growing emphasis on personal care and modern living",1-2004-1166-000-002.JPG
"Plastic Hair Dryer, Late 20th Century Household Appliance","This object is a plastic electric hair dryer, a common household appliance from the late 20th century. Its vibrant red and green casing, typical of mass-produced consumer goods of the era, highlights the increasing accessibility of personal grooming technology. Designed for domestic use, it represents the integration of electrical devices into daily life, transforming personal care routines and reflecting advancements in consumer product design and manufacturing. Its functional form prioritizes efficiency and ease of use",1-2004-1166-000-003.JPG
"Plastic Hair Dryer, Late 20th Century Design","This object is a plastic electric hair dryer, characterized by its vibrant red casing with a green nozzle and blue accents. Manufactured in the late 20th century, it exemplifies the era's embrace of mass-produced consumer goods and bold, functional design. Such appliances revolutionized personal grooming, offering convenience and efficiency in daily routines. This particular model, bearing the AEG logo, represents a common household item that reflects advancements in domestic technology and the democratization of personal care",1-2004-1166-000-004.JPG
"Red Plastic Hair Dryer, Mid-20th Century Domestic Appliance","mid-20th century electric hair dryer, constructed from molded red plastic with blue accents. It features a compact, ergonomic design with a power cord and plug, and includes a detachable green nozzle. The appliance demonstrates the widespread adoption of electrical technology in the home, transforming personal grooming routines. Its vibrant color and functional design reflect the post-war era's emphasis on convenience and modern living, making it a representative artifact of everyday domestic life",1-2004-1166-000-005.JPG
"Red Plastic Hair Dryer, Mid-20th Century","This object is a plastic hair dryer, likely manufactured in the mid-20th century. Its bright red casing is characteristic of the era's appliance design. The appliance features a safety symbol indicating it should not be used near water, a crucial instruction for electrical devices of this period. Such hair dryers were common household items, reflecting advancements in personal grooming technology and the increasing availability of electrical appliances in homes. They represent a shift towards convenience and self-care in domestic life",1-2004-1166-000-006.JPG
"Plastic Hair Dryer, Mid-20th Century Design","This object is a red and green plastic electric hair dryer, a common household appliance from the mid-20th century. Its design features a streamlined body, a nozzle for directing airflow, and a handle with controls. The presence of a power cord and voltage selector (110V/220V) indicates its function for personal grooming and its adaptability to different electrical standards. This item represents the widespread adoption of electrical appliances in domestic life and the evolving aesthetics of consumer goods during this period",1-2004-1166-000-007.JPG
"Plastic Hair Dryer, Mid-20th Century Domestic Technology","This object is a plastic electric hair dryer, manufactured by AEG. Its vibrant red casing, accented with a green nozzle and blue handle, exemplifies the bold design trends of mid-20th century domestic appliances. The appliance features adjustable heat settings and voltage selection, indicating its function as a personal grooming tool for home use. This hair dryer represents the increasing availability and adoption of electrical devices that simplified daily routines and contributed to evolving standards of personal care during the post-war era",1-2004-1166-000-008.JPG
"Plastic Hair Dryer, Mid-20th Century Design","This vibrant red and green plastic hair dryer, manufactured by AEG, exemplifies mid-20th century domestic appliance design. Its lightweight, molded plastic construction and ergonomic handle reflect advancements in consumer product manufacturing during that era. Featuring a dual voltage switch (110V/220V), this appliance was designed for international travel and widespread use. Such devices revolutionized personal grooming, offering convenience and efficiency in everyday life. The accompanying original packaging highlights the product's marketing and presentation",1-2004-1166-000-009.JPG
"AEG Hair Dryer, Modern Era, Plastic and Metal","This object is a modern hair dryer, likely from the late 20th or early 21st century, constructed from plastic and metal. It features a sleek, ergonomic design typical of consumer electronics from its era. The branding ""AEG"" and model ""FOEN 1206"" are prominently displayed. Such appliances revolutionized personal grooming, offering convenience and efficiency in daily routines. This hair dryer represents advancements in household technology and its integration into everyday life during the modern period",1-2004-1166-001-000.JPG
"Plastic Packaging for a Hair Dryer, Mid-20th Century","This object is a transparent plastic box, likely from the mid-20th century, designed to package an electrical appliance. The box features printed text in multiple languages, identifying the product as a ""FOEN® 1206 pianissimo"" hair dryer with a 1200 Watt output, switchable between 220V and 110V. An orange cardboard insert, bearing the AEG logo and inventory details, is also present. Such packaging was crucial for product display, protection, and conveying essential consumer information in the post-war era of mass-produced consumer goods",1-2004-1166-001-001.JPG
"Plastic Hair Dryer, Mid-20th Century Household Appliance","This object is a plastic hair dryer, likely from the mid-20th century. Its design features a foldable handle for compact storage and a switch for adjusting voltage (220V to 110V), indicating its intended use for travel. The branding ""FOEN 1206 pianissimo"" suggests a focus on quiet operation. Such appliances represent the increasing accessibility of personal grooming technology in the post-war era, reflecting evolving domestic lifestyles and consumer desires for convenience and efficiency",1-2004-1166-001-002.JPG
Untitled Scene,a visual narrative showing characters and their surroundings,1-2004-1166-001-003.JPG
Untitled Scene,a composition featuring people in an environment with various details,1-2004-1166-001-004.JPG
"Plastic Hair Dryer Packaging, Late 20th Century","This object is a transparent plastic packaging designed for a ""FOEN 1206 pianissimo"" hair dryer. The material is clear, molded plastic, forming a box with printed text and graphics in black and orange. The packaging features multilingual product information, including its wattage (1200 Watt) and voltage options (220V/110V), indicating its intended global market. The design highlights key features like ""Extrem leise"" (extremely quiet) and ""Ideal für Freizeit und Reise"" (ideal for leisure and travel), suggesting its function as a portable personal care appliance",1-2004-1166-001-005.JPG
Untitled Scene,a visual narrative showing characters and their surroundings,1-2004-1167-000-000.jpg
Untitled Scene,a composition featuring people in an environment with various details,1-2004-1167-000-001.JPG
Untitled Scene,a composition featuring people in an environment with various details,1-2004-1167-000-002.JPG
Untitled Scene,"a scene with characters, environment, and compositional details",1-2004-1167-000-003.JPG
Untitled Scene,"a scene with characters, environment, and compositional details",1-2004-1167-000-004.JPG
Untitled Scene,a visual narrative showing characters and their surroundings,1-2004-1167-000-005.JPG
Untitled Scene,a composition featuring people in an environment with various details,1-2004-1167-000-006.JPG
Untitled Scene,a composition featuring people in an environment with various details,1-2004-1167-000-007.JPG
Untitled Scene,a visual narrative showing characters and their surroundings,1-2004-1167-000-008.JPG
Untitled Scene,a visual narrative showing characters and their surroundings,1-2004-1167-000-009.JPG
Untitled Scene,a detailed scene with multiple visual elements and characters,1-2004-1167-000-010.JPG
Untitled Scene,a detailed scene with multiple visual elements and characters,1-2004-1167-001-000.JPG
Untitled Scene,"a scene with characters, environment, and compositional details",1-2004-1167-001-001.JPG
Untitled Scene,a detailed scene with multiple visual elements and characters,1-2004-1167-001-002.JPG
Untitled Scene,a detailed scene with multiple visual elements and characters,1-2004-1167-001-003.JPG
Untitled Scene,"a scene with characters, environment, and compositional details",1-2004-1167-001-004.JPG
Untitled Scene,a detailed scene with multiple visual elements and characters,1-2004-1167-001-005.JPG
Untitled Scene,a detailed scene with multiple visual elements and characters,1-2004-1167-001-006.JPG
Untitled Scene,an image depicting figures in a setting with atmospheric elements,1-2004-1167-001-007.JPG
Untitled Scene,an image depicting figures in a setting with atmospheric elements,1-2004-1168-000-000.jpg
Untitled Scene,a detailed scene with multiple visual elements and characters,1-2004-1168-000-001.JPG
Untitled Scene,a detailed scene with multiple visual elements and characters,1-2004-1168-000-002.jpg
Untitled Scene,a detailed scene with multiple visual elements and characters,1-2004-1168-000-003.JPG
Untitled Scene,a detailed scene with multiple visual elements and characters,1-2004-1168-000-004.JPG
Untitled Scene,a visual narrative showing characters and their surroundings,1-2004-1168-000-005.JPG
Untitled Scene,an image depicting figures in a setting with atmospheric elements,1-2004-1168-000-006.JPG
"Metal and Fabric Vacuum Cleaner, Early 20th Century","This early 20th-century vacuum cleaner is constructed from polished metal and durable fabric. Its utilitarian design features a central motor housing with ventilation slots, a fabric dust bag, and wheels for mobility. This object represents a significant advancement in domestic technology, reflecting the era's growing interest in mechanization and its application to household chores. Its presence highlights the transition from manual cleaning methods to powered appliances, fundamentally changing domestic life and contributing to modern standards of hygiene",1-2004-1168-000-007.JPG
Mid-20th Century Metal Vacuum Cleaner,"This object is a vacuum cleaner constructed primarily from polished metal, likely aluminum or steel, with a fabric dust bag. Its design, characterized by a streamlined casing, wheels, and a nozzle, is typical of mid-20th century domestic appliances. Originating from the post-war era, this vacuum cleaner represents a significant advancement in household technology, reflecting the growing emphasis on convenience and hygiene in modern homes. Its function was to efficiently clean floors, transforming domestic labor and contributing to evolving standards of cleanliness",1-2004-1168-000-008.JPG
Mid-Century Metal and Canvas Vacuum Cleaner,"This vacuum cleaner, crafted from polished metal and durable canvas, exemplifies early 20th-century domestic technology. Its robust construction and functional design reflect the era's emphasis on practicality. Originating from the mid-20th century, this appliance represents a significant advancement in household cleaning, offering a more efficient alternative to manual methods. Its presence highlights the growing mechanization of domestic life and the increasing availability of labor-saving devices for the home",1-2004-1168-000-009.JPG
"Art Deco Aluminum Vacuum Cleaner, Circa 1930s","This object is an AEG Vampyr vacuum cleaner, likely manufactured in the 1930s. Constructed primarily from polished aluminum with a canvas dust bag, its streamlined Art Deco design reflects the era's fascination with modern technology and industrial aesthetics. The ""Vampyr"" model was one of the earliest portable electric vacuum cleaners, representing a significant advancement in domestic technology. Its introduction marked a shift towards greater convenience and efficiency in household cleaning, making it a symbol of modern living and the burgeoning consumer culture of the interwar period",1-2004-1168-000-010.JPG
Mid-Century Metal and Canvas Vacuum Cleaner,"This upright vacuum cleaner, likely from the mid-20th century, is constructed from polished aluminum and durable canvas. Its design features a prominent motor housing, a wide cleaning head with a brush mechanism, and a fabric dust bag. This appliance represents a significant advancement in domestic technology, reflecting the era's growing emphasis on household efficiency and hygiene. Its robust construction and functional design highlight the practical innovations that transformed daily chores for many households",1-2004-1168-000-011.JPG
"Metal Industrial Component, Early 20th Century","This object is a metal industrial component, likely made of aluminum or a similar alloy, dating from 1929. It features an identification plate with engraved serial numbers, voltage, and wattage, indicating its function within a larger mechanical or electrical system. The plate also bears a stylized logo, possibly representing a manufacturer or regulatory body. Such components were vital to the burgeoning industrialization of the period, powering machinery and infrastructure that defined the era's technological advancements. Its robust construction and clear labeling highlight the practical and functional design principles of early 20th-century manufacturing",1-2004-1168-000-012.JPG
Cast Metal Component with Numerical Markings,"This object is a cast metal component, likely made of aluminum or a similar alloy, featuring a hexagonal emblem and the numeral ""11"" stamped into its surface. The precise dating and origin are difficult to ascertain without further context, but its industrial aesthetic suggests a utilitarian purpose from the 20th century. Such components were essential in the manufacturing of machinery, vehicles, or other mechanical devices, serving as functional parts that enabled complex operations. The markings likely indicate a model number, production batch, or specific part identification",1-2004-1168-000-013.JPG
"Art Deco Metal Vacuum Cleaner, Early 20th Century","This object is an early electric vacuum cleaner, likely manufactured in the 1920s or 1930s. Constructed from polished aluminum and steel, its streamlined, aerodynamic form embodies the Art Deco style prevalent during that era. The prominent ""AEG Vampyr"" branding indicates its origin from the German electrical company AEG. This appliance represents a significant technological advancement in domestic cleaning, reflecting the increasing mechanization of household tasks and the growing desire for convenience and hygiene in modern homes",1-2004-1168-000-014.JPG
"Mid-Century Electric Vacuum Cleaner, Metal and Fabric","This upright vacuum cleaner, crafted from polished metal and durable fabric, exemplifies domestic technology of the mid-20th century. Its design features a streamlined body, a fabric dust bag, and a wide cleaning head, indicative of the era's focus on functionality and emerging consumerism. Developed during a period of increasing household mechanization, this appliance revolutionized home cleaning, offering a more efficient and less labor-intensive alternative to traditional methods. It represents a significant advancement in domestic engineering and the pursuit of modern living",1-2004-1168-000-015.jpg
Vintage Scientific Apparatus: Metal and Glass Components,"This collection of scientific apparatus, likely from the mid-20th century, features metal casings, glass elements, and electrical components. The central unit appears to be a projector or illuminator, with a connected power source and a complex articulated arm with a reflective surface. Such equipment was crucial for scientific research and education, enabling detailed observation, experimentation, and the projection of images for study. Its design reflects the functional aesthetic of early modern scientific instrumentation",1-2004-1169-000-000.jpg
"Ceramic Plate with Geometric Pattern, Mid-20th Century","This ceramic plate features a simple, yet elegant design. The white glaze serves as a backdrop for a repeating geometric motif in a warm brown hue, encircling the rim. Produced in the mid-20th century, this piece exemplifies the era's focus on functional and aesthetically pleasing tableware. Such plates were common household items, designed for everyday use and contributing to the visual culture of domestic dining. Its durable material and classic pattern made it a practical and stylish addition to any table setting",1-2004-1170-001-000.jpg
"Disposable Plastic Cutlery Set, Late 20th Century","This object is a disposable cutlery set, comprising a fork, spoon, and knife, manufactured from molded plastic. It is presented in its original sealed plastic packaging, alongside two small packets, likely containing condiments or sweeteners. This ensemble represents a common artifact of late 20th-century convenience culture, reflecting a shift towards single-use items for mass catering, travel, and everyday dining. Its widespread adoption highlights evolving societal habits and the increasing prevalence of mass-produced, affordable tableware",1-2004-1171-000-000.jpg
"Aircraft Landing Gear, Mid-20th Century Metal and Rubber","This artifact showcases a retractable aircraft landing gear assembly, constructed from durable metals such as aluminum and steel, with a robust rubber tire. Dating to the mid-20th century, it represents a significant advancement in aviation engineering. The complex mechanical design facilitated smoother takeoffs and landings, increasing aircraft safety and operational efficiency. This component was crucial for enabling aircraft to operate from varied surfaces, contributing to the evolution of air travel and military aviation during a pivotal period of technological development",1-2004-1172-000-000.jpg
"Jet Engine and Aircraft Landing Gear, 20th Century","This display features a jet engine, constructed from various metals, and an aircraft landing gear assembly. The engine, a marvel of 20th-century engineering, showcases intricate turbine and compressor components. The landing gear, also metal and rubber, demonstrates the robust design required for supporting aircraft during takeoff and landing. These components represent significant advancements in aviation technology, enabling faster and more efficient air travel during the modern era. Their functional design highlights the practical application of scientific principles in transportation",1-2004-1172-000-001.JPG
Enamel Sign for AEG Metal Filament Lamp,"This enamel-on-metal sign, likely from the early 20th century, advertises the AEG ""Metalldraht-Lampe"" (metal filament lamp). It features a stylized hand holding an incandescent light bulb, with the AEG logo prominently displayed within the bulb's glass. The bold lettering and vibrant colors are characteristic of early industrial advertising. Such signs were crucial for brand recognition and promoting the widespread adoption of electric lighting in homes and businesses, signifying technological advancement and modernity",1-2004-1173-000-000.jpg
"Brass Teapot with Woven Handle, Early 20th Century","This spherical teapot is crafted from brass, featuring a distinctive textured surface achieved through a linear engraving technique. The lid is adorned with a radiating pattern, and the spout is elegantly curved. A woven rattan handle, attached with brass fittings, provides a comfortable grip. Originating from the early 20th century, this object exemplifies functional design with an emphasis on aesthetic appeal. Such teapots were common household items, used for preparing and serving tea, reflecting the domestic customs and craftsmanship of the era",1-2004-1174-000-000.jpg
Untitled Scene,a composition featuring people in an environment with various details,1-2004-1174-000-001.jpg
Untitled Scene,a composition featuring people in an environment with various details,1-2004-1174-000-002.JPG
Untitled Scene,a visual narrative showing characters and their surroundings,1-2004-1174-000-003.JPG
Untitled Scene,"a scene with characters, environment, and compositional details",1-2004-1174-000-004.JPG
Untitled Scene,a visual narrative showing characters and their surroundings,1-2004-1174-000-005.JPG
Untitled Scene,"a scene with characters, environment, and compositional details",1-2004-1174-000-006.JPG
"Brass Kettle, Early 20th Century","This object is a brass kettle, likely dating from the early 20th century. Its rounded body, spout, and handle are characteristic of utilitarian cookware from this period. The material, brass, was commonly used for kitchenware due to its durability and heat conductivity. Such kettles were essential for boiling water for beverages and cooking, playing a vital role in daily domestic life. The presence of a maker's mark or inventory sticker on the base suggests it was part of a larger collection or inventory, possibly from a historical domestic setting or a manufacturing archive",1-2004-1174-000-007.JPG
Untitled Scene,a visual narrative showing characters and their surroundings,1-2004-1174-000-008.JPG
