object_id,headline,description
"1-2024-0523-002,Glass and Metal Electric Lamp,""This object is an electric lamp constructed from a clear glass cylinder enclosing a filament. The glass is sealed at both ends and fitted with black caps, each featuring metal terminals for electrical connection. The overall design suggests it is a component intended to produce light when an electric current passes through its filament. The presence of a small, attached paper tag with handwritten text indicates it may have been used in a specific context or for testing purposes."""
"1-2024-0737-000,Electrical Junction Box,""This object is a dark green, rectangular electrical junction box constructed from metal. It features multiple screw terminals on its upper surface, designed for connecting electrical wires. The front panel displays a schematic diagram with labels such as """"S,"""" """"E2,"""" """"A1,"""" and """"P,"""" indicating its internal circuitry and connection points. Two keyhole slots are present on the lower front for mounting. The robust construction and clear labeling suggest a functional purpose, likely for distributing or managing electrical signals in a technical or industrial setting."""
"1-2024-0752-000,Metal Electronic Device,""This rectangular electronic device is constructed from brushed metal. Its front panel features a digital display screen, several push-button controls, and a power switch. Vents are visible along the top and sides of the casing, suggesting internal heat dissipation. The overall design indicates a functional purpose, likely related to signal processing or control within an electronic system. The labeling on the front and back suggests it is a piece of professional or industrial equipment."""
"1-2024-0583-000,Philips BTS Angénieux 15x16 HD Broadcast Camera Lens,""This object is a broadcast camera lens, likely for professional video production. It is constructed primarily of plastic and metal, featuring a prominent black lens housing at one end. The main body is a light beige, with blue """"PHILIPS"""" and red """"BTS"""" lettering, alongside a rainbow stripe and the text """"angénieux 15x16 HD"""". The form suggests it is designed to attach to a camera, enabling optical magnification and image capture for broadcasting purposes."""
"1-2024-0523-003,Cardboard Box with Label,""This rectangular box is constructed from a light brown, textured cardboard. It features a simple, unadorned lid that fits snugly over the base. A grey paper label, affixed to the front of the box, bears a stylized graphic and text. The box's straightforward design and material suggest it was intended for packaging or storage of a small item. Its utilitarian form indicates a focus on practicality rather than elaborate decoration."""
"1-2024-0549-000,Wooden Radio Receiver,""This radio receiver is housed in a light-colored wooden case. The front features a horizontal grille of dark slats above a light-colored panel. This panel displays a tuning dial with numerous station names, two rotary knobs, and a row of push-buttons. The design is characterized by clean lines and a functional aesthetic. The rear panel reveals connection ports for an antenna and power, along with a manufacturer's label indicating """"BRAUN RADIO G11."""" Its form suggests it was designed for home use, likely for audio entertainment."""
"1-2024-0700-000,Metal Micrometer Stage,""This object is a precision stage constructed from metal, likely aluminum or steel, with a grey anodized or painted finish on some components. It features a central circular opening, surrounded by a rotating ring and mounted on a base. A prominent feature is a silver-toned micrometer screw with clearly marked graduations, indicating its function in precise measurement or adjustment. The overall construction suggests it is a component for a scientific instrument or a piece of laboratory equipment, designed for fine positional control."""
"1-2024-0583-001,Metal Astronomical Mount,""This object is a precision-engineered mount constructed from dark-colored metal, likely aluminum or steel. It features a clamp mechanism for attachment, adjustable knobs, and a rotating cylindrical component with engraved markings. The design suggests it is intended for precise positioning and tracking of celestial objects, functioning as a component of an astronomical telescope or similar optical instrument. The inscription """"Made in France"""" indicates its country of origin."""
"1-2024-0586-001,Electrical Connector Assembly with Flexible Conduit,""This object is an electrical connector assembly constructed from metal and plastic components. It features a ribbed, flexible conduit that houses wiring. One end terminates in a circular connector with multiple pins, designed for secure electrical coupling. The other end appears to be a junction or termination point for the wiring. The design suggests a function in connecting electrical systems, likely in a mechanical or industrial application where flexibility and durability are required."""
"1-2024-0760-000,Metal Control Panel with Buttons,""This object is a rectangular control panel constructed from metal, likely aluminum, with a brushed finish. It features a row of approximately sixteen square buttons arranged horizontally. To the right of the buttons, a smaller rectangular button or indicator is visible. The panel is labeled """"BTS"""" on the left and """"CONTROL PANEL"""" on the right. Its design suggests it was intended for operating or monitoring electronic equipment, possibly within a telecommunications or industrial setting."""
"1-2024-0667-000,Silk Necktie with Satellite Motif,""This necktie is crafted from dark blue silk, featuring a repeating pattern of thin white diagonal stripes. A prominent motif of a satellite, labeled with the word """"ANT,"""" is embroidered in white thread on the wider end of the tie. The reverse side shows a similar striped pattern and a stitched label. The form and design suggest it was intended as a decorative accessory for formal or business attire."""
"1-2024-0705-000,Blackened Ceramic Weights,""These three objects are made of a dark, likely fired clay. Two are roughly hemispherical with a flattened base and a textured, organic surface that suggests a natural form, possibly representing a seed pod or a stylized animal head. The third is a flattened disk with a central perforation. The textured surfaces and the perforation on the disk suggest these objects were functional, possibly used as weights for fishing nets, looms, or as decorative elements in a textile craft. Their simple, robust form is characteristic of utilitarian ceramic objects."""
"1-2024-0586-000,Control Panel with Microphone,""This object is a metal control panel featuring a flexible microphone boom. The panel is equipped with numerous push-button switches, some labeled with alphanumeric characters and others with colored indicators. A rotary knob is also present. The design suggests a functional, possibly industrial or technical, application. Its arrangement of controls and microphone indicates it was likely used for communication, operation, or monitoring within a specific system or environment."""
"1-2024-0769-000,Cardboard Radio Packaging with Milk Carton Design,""This object consists of two pieces of cardboard packaging. One is a white box with """"Milch Radios"""" hand-written in black ink. Inside this box is a smaller, folded cardboard container designed to resemble a milk carton. This carton is printed with a landscape scene, blue and pink stripes, and text indicating """"PARTLY SKIMMED MILK."""" The milk carton design suggests the packaging's original purpose was to hold a radio, possibly marketed as a novelty item."""
"1-2024-0732-000,Plastic Rotary Telephone,""This object is a rotary telephone constructed primarily from molded plastic. It features a separate handset connected by a coiled cord, and a base unit with a circular dial for inputting numbers. A rectangular window on the base likely served for displaying caller information or a dial indicator. The overall design, with its smooth, rounded forms, suggests a functional and utilitarian aesthetic. This type of telephone was commonly used for communication in homes and offices."""
"1-2024-0504-002,Brass Keys,""This set comprises two brass keys, each featuring a distinct serrated blade and a bow for grip. One key's bow is stamped with """"PORT-LOCK"""" and a stylized """"H,"""" indicating its manufacturer or lock type. The other key's bow is circular and bears the alphanumeric markings """"L54G"""" and """"L564."""" These keys, designed for mechanical locks, would have been used to secure and access doors, containers, or other locked mechanisms. Their material and construction suggest a functional, everyday purpose."""
"1-2024-0587-000,Metal Kinematograph Camera,""This object is a metal camera, likely for film production. It features a prominent lens turret with multiple openings, suggesting the ability to quickly switch between different lenses. The metallic casing, streamlined design, and visible branding """"FERNSEH GMBH"""" indicate a manufactured item. A handle on the side and a dial on the right suggest operational controls. Its robust construction and complex lens system point to its function as a professional motion picture recording device."""
"1-2024-0770-000,Silver Plastic Portable Radio,""This portable radio is constructed from silver-colored plastic. It features a circular speaker grille on its front, flanked by two small buttons labeled """"RESET"""" and """"SCAN."""" An extendable antenna is visible at the top. The object's compact, rounded form suggests it was designed for personal use and portability. The presence of a barcode and CE marking on the accompanying packaging indicates it is a manufactured consumer electronic device."""
"1-2024-0703-000,Metal Cylindrical Object in Wooden Stand,""This object consists of a polished metal cylinder with a threaded end, resting in a carved wooden rectangular block. The metal appears to be stainless steel or a similar alloy, exhibiting a smooth, reflective surface. The wooden block has a recessed area precisely shaped to hold the cylinder, suggesting it serves as a display or storage stand. The cylinder's form, with its uniform diameter and threaded base, implies a functional purpose, possibly as a component in a larger apparatus or as a measuring tool."""
"1-2024-0734-000,Plastic Rotary Dial Telephone,""This telephone is constructed from molded plastic, featuring a distinctive rotary dial for inputting numbers. A separate handset is connected to the base unit by a coiled cord. The design, with its smooth, rounded forms, is characteristic of mid-20th century telecommunication devices. The object's form clearly indicates its function as a communication device, designed for voice transmission and reception over a network."""
"1-2024-0504-000,Jukebox,""This jukebox is constructed from metal, plastic, and glass. Its design features a prominent display screen with colorful abstract graphics and the word """"ROCK-OLA"""" visible. A panel with buttons and a coin slot indicates its function as an automated music player. The machine's robust casing, with its combination of dark and bright blue panels, suggests it was designed for public use, likely in entertainment venues, to select and play music."""
"1-2024-0695-000,Wooden Box with Metal Fittings,""This rectangular wooden box is constructed from joined planks, secured with visible metal fasteners. The top surface features three small, round indentations, and one side has a circular metal fitting with a threaded opening. The simple, utilitarian design and the presence of metal components suggest this object may have served as a container for tools, scientific instruments, or electrical components. Its precise function and origin are not visually determinable."""
"1-2024-0754-000,Metal Electronic Control Panel,""This object is a metal electronic control panel, likely a component of a larger system. It features two distinct sections, each with a small display screen, a grid of numbered buttons, and several other labeled buttons. The front panel is constructed from metal, with ventilation grilles visible on the side. The labeling """"CONTROL PANEL CP-7850C"""" and the brand """"RTS"""" are visible. Its design suggests it was used for operating and managing complex electronic equipment, possibly in broadcasting or telecommunications."""
"1-2024-0748-000,Metal Video Record/Play Unit,""This object is a rectangular unit constructed primarily of brushed metal. The front panel features prominent branding, including """"PHILIPS"""" and """"BTS,"""" alongside labels indicating """"MEDIA POOL Video Record / Play"""" and """"I/O 1.1."""" A small circular indicator is also present. The rear of the unit reveals ventilation grilles and a cooling fan, suggesting it houses electronic components that generate heat. Its design and labeling strongly indicate its function as a device for recording and playing video media within a professional broadcast or media production environment."""
"1-2024-0585-000,Metal Control Panel with Labeled Buttons,""This object is a metal control panel featuring multiple rows of labeled buttons and a single larger button. The labels, some in German, suggest a functional purpose related to operations or technical settings, possibly within a studio or broadcast environment. The panel's construction and the style of the buttons indicate it is an electronic control interface. Its design implies it was used to manage or select different functions or channels, likely in a professional or industrial context."""
"1-2024-0583-002,Black Metal Electronic Device with Controls,""This object is constructed from black metal and features a cylindrical grip at one end, a central rectangular housing with multiple buttons and indicators, and a slender rod extending from the opposite side. The housing is marked with text labels including """"TELE,"""" """"MIN,"""" """"MAX,"""" """"GAIN,"""" and numerical indicators """"1X,"""" """"2X,"""" and """"4X."""" Two articulated levers are also present. Its design suggests it is an electronic control unit or a specialized tool, possibly for measurement, operation, or recording, where precise adjustments and settings are required."""
"1-2024-0523-000,Portable Radio in Embossed Leather Case,""This portable radio is housed in a rectangular case covered with brown, embossed material resembling alligator skin. The front features two fabric speaker grilles, a tuning dial with station names, and three control knobs. A metal handle is attached to the top. When opened, the interior reveals vacuum tubes, wiring, and a transformer, indicating its function as an early electronic receiver. The design suggests a mid-20th century aesthetic, prioritizing both utility and a somewhat luxurious appearance."""
"1-2024-0564-000,Black Bakelite Rotary Dial Telephone,""This object is a black rotary dial telephone, constructed primarily from bakelite. It features a handset connected by a coiled cord, a circular dial with numerals and letters for input, and a base unit with a slot and a separate circular component. The design, characterized by its rounded forms and the prominent dial mechanism, suggests its function as a communication device for making and receiving telephone calls. This style is characteristic of mid-20th century telecommunication technology."""
"1-2024-0738-000,Plastic Keypad Module,""This object is a plastic keypad module featuring a grid of twelve keys. The keys are arranged in a standard telephone layout, with numerical digits 0 through 9, and the letters T and U. The keys are cream-colored with black lettering. The module is constructed from white plastic and includes a connector strip on one side, suggesting it is an electronic component. Its design indicates it was intended for inputting numerical data or selecting options on a device."""
"1-2024-0583-003,Multi-Connector Cable Assembly,""This object is a cable assembly constructed from flexible, insulated wires encased in black and gray protective sheathing. It features multiple connectors, including a large, multi-pin circular connector at one end and three smaller, silver-toned circular connectors at the other. These connectors, made of metal and plastic, are designed for secure electrical connections. The overall construction suggests its function is to transmit signals or power between different electronic devices or components."""
"1-2024-0523-001,Metal Box with Electrical Cord and Plug,""This rectangular metal box, painted dark, features a fabric-covered electrical cord with a two-prong plug. The top surface is divided into sections and secured with screws, suggesting it is a casing for internal components. Perforated holes are visible on one side, possibly for ventilation or sound transmission. The object's construction and the presence of electrical fittings indicate it likely served as a housing for electronic equipment or a device requiring a power source."""
"1-2024-0699-000,Digital Disc in Presentation Case,""This object consists of a digital disc, likely a CD or DVD, presented within a hinged, padded case. The case is covered in dark blue material, possibly leather or a synthetic equivalent, with a white, textured lining. The disc itself is circular with a central hole and appears to be made of reflective material. A small label reading """"TOPSIDE"""" is affixed to the disc. The presentation case suggests the disc contains important or valuable information, intended for safekeeping or formal display."""
"1-2024-0504-001,Vinyl Records,""This collection features several vinyl records, a medium for audio recording and playback. The records are circular discs made of black vinyl, with labels in the center indicating the artist and title of the music. One record displays the """"CBS"""" logo, while another shows """"Epic"""" and """"45 RPM,"""" denoting its speed. These objects were designed for use with a record player, serving as a primary format for distributing and listening to music."""
"1-2024-0748-001,Metal Electronic Equipment Rack,""This object is a modular electronic equipment rack constructed from brushed metal panels. It features two stacked units, each with a front panel bearing the """"BTS"""" logo and """"Media Pool"""" branding. The units have visible latches, indicator lights, and ventilation grilles. The overall design suggests it is intended for housing and organizing electronic components, likely within a telecommunications or broadcasting infrastructure. Its utilitarian form and construction indicate a focus on functionality and integration into a larger system."""
"1-2024-0697-000,Precision Measuring Instrument in Case,""This object is a white, handheld measuring instrument with a circular dial indicator and an orange lever. The dial has markings and a needle, suggesting it is used for precise measurements. It is housed in a black, hinged case lined with green felt, which has a shaped recess to hold the instrument securely. The overall design and presentation indicate a tool intended for accurate scientific or technical applications, likely for measuring dimensions or tolerances."""
"1-2024-0736-000,Black Bakelite Rotary Telephone,""This black telephone is constructed from Bakelite, a durable early plastic. It features a rotary dial with numerals and letters, a separate handset connected by a coiled cord, and a base unit with a straight cord leading to a connector. The design, characterized by its rounded forms and glossy finish, is typical of early to mid-20th-century telecommunication devices. Its form clearly indicates its function as a communication instrument for making and receiving telephone calls."""
"1-2024-0795-004,Metal and Plastic Mechanical Device with Handwheel,""This object is a mechanical device constructed from metal and black plastic components. It features a prominent handwheel, a pivoting arm, and a connected chain. A label affixed to the device indicates it is a """"TAYLOR HOBSON"""" product, possibly related to measurement or control. The design suggests it is an adjustable mechanism, likely used for precise positioning or operation of another piece of equipment. Its utilitarian construction points to a functional rather than decorative purpose."""
"1-2024-0795-001,Varotal Lens System,""This object is a camera lens system constructed primarily from metal and plastic components. It features a prominent, wide-mouthed lens at the front, designed to capture light. A blue housing encloses the main body, with a brand name """"VAROTAL"""" visible. A black, box-like attachment is mounted on top, connected by cables, suggesting it houses electronic components or controls. The overall design indicates a specialized optical instrument, likely used for recording images or video."""
"1-2024-0587-001,Black Metal Number and Letter Markers,""This collection consists of several black, rectangular metal markers, each featuring a raised white numeral or letter. The markers are uniformly shaped with a slight curve at the top edge. They are marked with repetitions of """"A,"""" """"B,"""" """"1,"""" """"2,"""" """"3,"""" and a single """"4."""" A small scale bar is also visible in some images. These objects appear to be designed for labeling, categorization, or identification purposes within a system."""
"1-2024-0795-000,""Television Camera, Metal and Plastic"",""This object is a television camera, constructed from metal and plastic components. It features a prominent lens assembly at the front and a viewfinder extending from the side. The casing is predominantly white and blue, with branding for """"BOSCH FERNSEH"""" visible. A red indicator light sits atop the unit. The presence of numbered panels and its overall design suggest its use in broadcast or professional video production."""
"1-2024-0566-000,Black Bakelite Rotary Dial Telephone,""This rotary dial telephone is constructed from black bakelite, a durable early plastic. It features a separate handset connected by a coiled cord and a base unit with a circular dial for inputting numbers. The dial has raised numerals and a central finger stop. A prominent emblem is visible on the front of the base. The overall design suggests a functional communication device from the mid-20th century, intended for making and receiving telephone calls."""
"1-2024-0733-000,Bakelite Rotary Telephone,""This object is a rotary telephone, constructed primarily from bakelite, a hard, moldable plastic. It features a distinctive rounded base housing the dialing mechanism, which includes a rotating dial with finger holes and numerical markings. A separate handset, connected by a coiled cord, rests on top of the base. The design, with its smooth, curved surfaces and utilitarian form, suggests a functional appliance intended for communication. Its construction points to mid-20th century manufacturing."""
"1-2024-0563-000,Black Bakelite Rotary Telephone,""This rotary dial telephone is constructed from black bakelite, a durable early plastic. The object features a handset with an earpiece and mouthpiece, connected by a coiled cord to the base unit. The base contains a circular dial with numerals for selecting telephone numbers and a cradle for the handset. A separate, round component with a cord likely served as a ringer or speaker. Its design suggests it was used for voice communication over a telecommunication network."""
"1-2024-0584-002,""Television Camera, Metal"",""This television camera is constructed from metal with a grey, matte finish. It features a prominent lens assembly at the front, a rotating turret with multiple lens apertures on the side, and various dials and controls. A red indicator light is visible on the top. The manufacturer's logo, """"FERNSEH G.M.B.H."""", is present. The inscription """"HESSISCHER RUNDFUNK"""" and the numeral """"3"""" suggest its operational context. Its design indicates it was likely used for broadcasting or professional video recording."""
"1-2024-0582-000,Digital Image Enhancer Unit,""This metal and plastic electronic unit, labeled """"BTS DIGITAL IMAGE ENHANCER CPH 1000"""" and """"HDTV,"""" appears to be a piece of broadcast or video processing equipment. Its construction features a perforated metal casing on top, likely for ventilation, and a front panel with a hinged door that reveals multiple circuit boards and internal components. The presence of labels and the modular design suggest it was designed for professional use in enhancing digital video signals, possibly for high-definition television transmission."""
"1-2024-0701-000,Metal and Glass Scientific Instrument Components,""This collection comprises several components of a scientific instrument, likely for measurement or calculation. Visible elements include a dark, circular metal case with a lid, a polished metal disc with a central aperture, two clear glass discs (one with a central hole and grid pattern, the other with a finely engraved circular scale and pointer), and a ruler. The engraved scale suggests precise angular measurement. The materials and construction indicate a functional, possibly precision, application."""
"1-2024-0582-001,Blue Transport Case,""This robust transport case is constructed from a blue-painted material, likely wood or composite, reinforced with metal corner protectors and edging. Rivets secure the metal components. It features a hinged lid, metal latches, and recessed carrying handles on the sides. The presence of multiple stickers and labels suggests it has been used for shipping or storage of equipment. Its sturdy design indicates a function for protecting and facilitating the movement of contents."""
"1-2024-0761-000,Metal and Plastic Select Panel,""This rack-mountable panel is constructed from metal and plastic. It features a series of eight buttons, labeled """"Out 1"""" through """"Out 6,"""" followed by """"Monitor"""" and """"On/Off."""" A larger square button is positioned to the right of these. The panel's design, with its functional layout and electronic components visible on the reverse, suggests it served as an interface for controlling or selecting outputs within an electronic system. The text """"SELECT PANEL CP-1412"""" is printed on its surface."""
"1-2024-0704-000,Black Plastic Case,""This black plastic object is a hinged case with a ribbed exterior. One end features a series of small, raised dots arranged in a grid pattern. The case appears designed to hold and protect a small item. Its sleek, minimalist form suggests a modern design, likely intended for personal use or as a component of a larger device. The precise function remains undetermined from visual inspection alone."""
"1-2024-0768-000,Plastic Radio with Tuner Dial,""This object is a black plastic radio. Its top surface is perforated with a grid of small circular holes, likely for speaker output. The front features a dark, transparent dial displaying frequency scales for FM and MW (Medium Wave) bands, with numerical indicators and a pointer. The brand name """"LIFETEC"""" is printed in white on the front. The overall form suggests it functions as a portable or tabletop radio receiver."""
"1-2024-0584-000,High-Definition Television Camera,""This object is a television camera constructed primarily from plastic and metal components. It features a prominent lens aperture on the front and various control knobs and connectors on its sides and top. Markings indicate """"Philips,"""" """"BTS,"""" and """"HDTV,"""" suggesting its manufacturer and its capability for high-definition video recording. The design, with its robust casing and integrated handles, points to its function as professional broadcast equipment, likely used in studios or for outside broadcasting to capture video signals."""
"1-2024-0565-000,Black Bakelite Rotary Dial Telephone,""This black rotary dial telephone is constructed from bakelite, a hard, molded plastic. It features a handset with an earpiece and mouthpiece, connected to the base by a coiled cord. The base has a circular dial with numerals and a central button, along with a small slot for a label. An inscription on the dial reads """"NOTRUF,"""" indicating an emergency call function. The object's design suggests it was used for communication."""
"1-2024-0579-000,Electronic Sync Generator Unit,""This object is a rack-mounted electronic unit constructed from metal and plastic components. It features a front panel with various controls, indicators, and labeled ports, including a prominent """"SYNC GENERATOR"""" designation. The interior reveals a complex arrangement of circuit boards, connectors, and what appear to be vacuum tubes or similar components housed within a metal frame. The overall design suggests a piece of specialized electronic equipment likely used for signal synchronization in a technical or broadcast environment."""
"1-2024-0584-001,Electronic Measuring Device,""This metal-cased electronic device features a complex internal arrangement of resistors, capacitors, and wiring, suggesting its function as a sophisticated measuring instrument. The front panel displays various input/output connectors, dials, and labels, indicating control and data interface capabilities. The openable side panel reveals a densely packed circuit board, characteristic of early electronic instrumentation. Its robust construction and visible components point to a practical, technical application, likely within scientific or industrial settings."""
"1-2024-0762-000,Metal and Plastic Select Panel,""This object is a metal panel housing eight buttons and a circuit board. The buttons are arranged in a single row and are labeled with numbers and symbols. The panel itself is rectangular with mounting brackets on each end, suggesting it is designed to be installed within a larger system. The circuit board visible from the underside contains electronic components and connectors. The overall design indicates it functions as an interface for selecting or controlling various functions within an electronic device or system."""
"1-2024-0698-000,Mechanical Gauge Assembly with Three Dials,""This object is a mechanical assembly featuring a dark, angular base supporting three circular gauges. Each gauge has a white face with black markings and a red needle, indicating measurements. The gauges are mounted on metal arms and connected to a central mechanism with levers and what appear to be contact points. The overall construction suggests a device for precise measurement or calibration, likely in a scientific or industrial context. Its functional design points to a practical application rather than purely decorative intent."""
"1-2024-0740-000,Wooden Telephone Switchboard with Bakelite Handset,""This object is a telephone switchboard constructed primarily of wood, with a black panel housing numerous switches, plugs, and a rotary dial. A bakelite telephone handset is attached to the side. The design features a functional, utilitarian aesthetic. The presence of multiple connection points and controls suggests its role in manually connecting telephone calls, likely in a small to medium-sized exchange or private system. Its construction indicates a period when such electro-mechanical systems were standard for telecommunications."""
"1-2024-0588-000,Metal and Plastic Television Camera,""This object is a television camera constructed primarily from metal and plastic components. It features a large lens aperture at the front, suggesting its function in image capture. The exterior is a muted gray, with chrome-plated handles and accents. Visible internal mechanisms and external knobs indicate operational controls. The overall design, with its robust casing and functional elements, points to its use in early broadcast or professional video recording environments."""
"1-2024-0759-000,Electronic Control Panel,""This object is a rack-mountable electronic control panel constructed from brushed aluminum. It features a series of illuminated buttons, digital displays, and connection ports. Text on the panel indicates it is a """"CP 328 Control Panel"""" and bears the """"PHILIPS"""" logo. The arrangement of buttons and displays suggests it was designed for operating complex electronic equipment, likely in a broadcast or professional audio-visual environment. Its utilitarian design is characteristic of technological equipment from the late 20th or early 21st century."""
"1-2024-0702-000,Machined Metal Component,""This object is a precisely machined component made of metal, likely steel, exhibiting a brushed finish. It features interlocking serrated edges and a central circular opening, suggesting it is part of a larger mechanical assembly. The design, with its robust construction and functional detailing, indicates its purpose is to grip or hold cylindrical objects securely. This type of component is commonly found in machinery designed for manufacturing or industrial applications, such as a lathe chuck."""
"1-2024-0745-000,Aluminum and Steel Device with Serrated Edges,""This object is constructed from brushed aluminum and steel. It features a rectangular frame with two open sides. The top and bottom edges of the longer sides are lined with a series of closely spaced, vertical serrations. A central circular opening is present on the top surface. The inscription """"-Touchform-"""" is visible on one of the long sides, alongside markings """"-3-"""" and """"N.1"""". Its form suggests it may have been used as a tool for shaping or processing materials, possibly in a manufacturing or craft context."""
"1-2024-0583-004,Aluminum and Wood Transport Case,""This robust transport case is constructed from aluminum panels reinforced with metal edging and corner protectors. It features multiple latches for secure closure and two wooden bracing elements attached to the front. A red logo with the text """"angénieux"""" is visible on the side. The design and materials suggest a purpose for protecting and transporting valuable or sensitive equipment, likely for professional use."""
"1-2024-0588-001,Metal Electronic Device with Multiple Apertures,""This object is constructed from grey-painted metal and features a distinctive logo reading """"FERNSEH G-M-B-H"""". It has a complex arrangement of circular apertures on its surface, some revealing internal electronic components and wiring. A cylindrical component with a threaded base is detached from the main body. The design suggests it is a piece of electronic equipment, possibly a camera or a control unit, intended for technical or scientific application. Its robust construction indicates a functional purpose."""
"1-2024-0735-000,Bakelite Telephone,""This telephone, constructed from molded plastic, features a handset connected by a braided cord to a base unit. The base has a series of rectangular buttons on its upper surface. The overall design is functional and streamlined, characteristic of mid-20th century telecommunication devices. The object's form clearly indicates its purpose as a communication device, designed for voice transmission and reception through its handset and dialing mechanism."""
"1-2024-0795-002,Black Metal Electronic Module with Controls,""This object is a black metal electronic module with various connectors, dials, and switches. It features multiple circular connectors, a prominent red button, and a silver dial with serrated edges. A label on one side indicates """"TAYLOR-HOBSON"""" and """"ENGLAND,"""" suggesting its origin. The presence of multiple input/output ports and control elements implies it was part of a larger electronic system, likely for measurement, control, or signal processing. Its robust construction suggests a functional, possibly industrial or scientific, application."""
"1-2024-0694-000,Wooden and Metal Induction Coil,""This object consists of a wooden base supporting a cylindrical coil wound with dark material, likely wire. Two wooden end pieces hold the coil in place, with a metal rod running through its center. Several brass terminals, labeled """"TELEPHON,"""" are affixed to the base, along with two additional terminals. A small red lever is positioned above the coil. The construction and arrangement of components suggest it was an electrical device, possibly used for generating or modifying electrical currents, perhaps in early telecommunication or scientific experimentation."""
"1-2024-0581-000,Metal Television Monitor,""This object is a television monitor housed in a grey metal casing. The front features a screen with the inscription """"FERNSEH GMBH"""" below it, flanked by two knobs and a circular connector. The top of the casing has a handle and a ribbed ventilation pattern. The rear displays various input and output connectors, along with a label indicating """"FERNSEH GMBH"""" and other technical details. Its robust construction and array of connectors suggest it was designed for professional or industrial use."""
"1-2024-0749-000,Digital Component Encoder,""This rack-mountable device, constructed from brushed metal, features a front panel with a digital display, several illuminated buttons labeled """"MENU,"""" """"UP,"""" """"DOWN,"""" and """"ENTER,"""" and two larger buttons marked """"POWER"""" and """"STATUS."""" Vents are visible on the top and sides, suggesting internal heat generation. The labeling indicates it is a """"DIGITAL COMPONENT ENCODER."""" Its design points to a function in professional audio-visual processing or broadcasting equipment."""
"1-2024-0755-000,Electronic Control Unit,""This electronic control unit is constructed from metal and plastic. Its front panel features a grid of buttons, a small display screen, and several labeled function keys. The casing is a brushed metal rectangular box with ventilation grilles on the sides and rear. The rear panel shows various input/output ports and a power connector. This device was likely designed for operation within a larger system, serving as an interface for control and monitoring."""
"1-2024-0795-003,Taylor-Hobson Zoom Servo Command Module,""This object is a Taylor-Hobson Zoom Servo Command Module, constructed primarily from black textured plastic and metal components. It features two control knobs on its top surface, a ribbed handle for grip, and a mounting bracket with a chain mechanism at its base. The label indicates it was manufactured by Taylor Hobson Industries in Leicester, England. Its design suggests it was used to control or operate a zoom lens on a camera or other optical equipment, likely in a professional or industrial setting."""
"1-2024-0675-000,Assortment of Metal and Ceramic Components,""This collection comprises various circular and rectangular components, primarily constructed from metal and ceramic materials. Some pieces feature intricate internal mechanisms, while others have perforated surfaces or threaded connectors. Several items are housed in cardboard boxes, suggesting they are either spare parts or newly manufactured items. The varied forms and materials indicate a potential function in electrical or mechanical assemblies, possibly related to audio equipment or scientific instruments."""